{"cameraMode":{"drawMode":0,"name":"Shaded","section":"Shading Mode"},"sceneLighting":true,"audioPlay":false,"sceneViewState":{"m_AlwaysRefresh":false,"showFog":false,"showSkybox":true,"showFlares":true,"showImageEffects":true,"showParticleSystems":true,"showVisualEffectGraphs":true,"m_FxEnabled":true},"in2DMode":false,"pivot":{"x":168.70013427734376,"y":24.442455291748048,"z":28.250362396240236},"rotation":{"x":0.00449974974617362,"y":0.004500109236687422,"z":-0.000019773731764871627,"w":0.9999788999557495},"size":5.90911865234375,"orthographic":false}